{"cameraMode":{"drawMode":0,"name":"Shaded","section":"Shading Mode"},"sceneLighting":true,"audioPlay":false,"sceneViewState":{"m_AlwaysRefresh":false,"showFog":true,"showSkybox":true,"showFlares":true,"showImageEffects":true,"showParticleSystems":true,"showVisualEffectGraphs":true,"m_FxEnabled":true},"in2DMode":false,"pivot":{"x":0.488642156124115,"y":-3.196443557739258,"z":-1.0445384979248047},"rotation":{"x":0.0014630687655881048,"y":-0.9129732847213745,"z":0.4080471396446228,"w":0.0032949610613286497},"size":17.24376678466797,"orthographic":false}